<ImportExportXml version="9.2.23024.210" SolutionPackageVersion="9.2" languagecode="1033" generatedBy="CrmLive" xmlns:xsi="http://www.w3.org/2001/XMLSchema-instance">
  <SolutionManifest>
    <UniqueName>ProjectsEnterprise</UniqueName>
    <LocalizedNames>
      <LocalizedName description="PMO Accelerator Finances" languagecode="1033" />
    </LocalizedNames>
    <Descriptions />
    <Version>1.0.0.1</Version>
    <Managed>1</Managed>
    <Publisher>
      <UniqueName>BB</UniqueName>
      <LocalizedNames>
        <LocalizedName description="BB" languagecode="1033" />
      </LocalizedNames>
      <Descriptions />
      <EMailAddress xsi:nil="true"></EMailAddress>
      <SupportingWebsiteUrl xsi:nil="true"></SupportingWebsiteUrl>
      <CustomizationPrefix>bb</CustomizationPrefix>
      <CustomizationOptionValuePrefix>20000</CustomizationOptionValuePrefix>
      <Addresses>
        <Address>
          <AddressNumber>1</AddressNumber>
          <AddressTypeCode>1</AddressTypeCode>
          <City xsi:nil="true"></City>
          <County xsi:nil="true"></County>
          <Country xsi:nil="true"></Country>
          <Fax xsi:nil="true"></Fax>
          <FreightTermsCode xsi:nil="true"></FreightTermsCode>
          <ImportSequenceNumber xsi:nil="true"></ImportSequenceNumber>
          <Latitude xsi:nil="true"></Latitude>
          <Line1 xsi:nil="true"></Line1>
          <Line2 xsi:nil="true"></Line2>
          <Line3 xsi:nil="true"></Line3>
          <Longitude xsi:nil="true"></Longitude>
          <Name xsi:nil="true"></Name>
          <PostalCode xsi:nil="true"></PostalCode>
          <PostOfficeBox xsi:nil="true"></PostOfficeBox>
          <PrimaryContactName xsi:nil="true"></PrimaryContactName>
          <ShippingMethodCode>1</ShippingMethodCode>
          <StateOrProvince xsi:nil="true"></StateOrProvince>
          <Telephone1 xsi:nil="true"></Telephone1>
          <Telephone2 xsi:nil="true"></Telephone2>
          <Telephone3 xsi:nil="true"></Telephone3>
          <TimeZoneRuleVersionNumber xsi:nil="true"></TimeZoneRuleVersionNumber>
          <UPSZone xsi:nil="true"></UPSZone>
          <UTCOffset xsi:nil="true"></UTCOffset>
          <UTCConversionTimeZoneCode xsi:nil="true"></UTCConversionTimeZoneCode>
        </Address>
        <Address>
          <AddressNumber>2</AddressNumber>
          <AddressTypeCode>1</AddressTypeCode>
          <City xsi:nil="true"></City>
          <County xsi:nil="true"></County>
          <Country xsi:nil="true"></Country>
          <Fax xsi:nil="true"></Fax>
          <FreightTermsCode xsi:nil="true"></FreightTermsCode>
          <ImportSequenceNumber xsi:nil="true"></ImportSequenceNumber>
          <Latitude xsi:nil="true"></Latitude>
          <Line1 xsi:nil="true"></Line1>
          <Line2 xsi:nil="true"></Line2>
          <Line3 xsi:nil="true"></Line3>
          <Longitude xsi:nil="true"></Longitude>
          <Name xsi:nil="true"></Name>
          <PostalCode xsi:nil="true"></PostalCode>
          <PostOfficeBox xsi:nil="true"></PostOfficeBox>
          <PrimaryContactName xsi:nil="true"></PrimaryContactName>
          <ShippingMethodCode>1</ShippingMethodCode>
          <StateOrProvince xsi:nil="true"></StateOrProvince>
          <Telephone1 xsi:nil="true"></Telephone1>
          <Telephone2 xsi:nil="true"></Telephone2>
          <Telephone3 xsi:nil="true"></Telephone3>
          <TimeZoneRuleVersionNumber xsi:nil="true"></TimeZoneRuleVersionNumber>
          <UPSZone xsi:nil="true"></UPSZone>
          <UTCOffset xsi:nil="true"></UTCOffset>
          <UTCConversionTimeZoneCode xsi:nil="true"></UTCConversionTimeZoneCode>
        </Address>
      </Addresses>
    </Publisher>
    <RootComponents>
      <RootComponent type="1" schemaName="account" behavior="1" />
      <RootComponent type="1" schemaName="bb_budget" behavior="0" />
      <RootComponent type="1" schemaName="bb_budgetitem" behavior="0" />
      <RootComponent type="1" schemaName="bb_budgetitemmonth" behavior="0" />
      <RootComponent type="1" schemaName="bb_contract" behavior="0" />
      <RootComponent type="1" schemaName="bb_invoice" behavior="0" />
      <RootComponent type="1" schemaName="contact" behavior="1" />
      <RootComponent type="1" schemaName="msdyn_project" behavior="1" />
      <RootComponent type="1" schemaName="systemuser" behavior="1" />
      <RootComponent type="60" id="{913bd6a6-add1-ed11-a7c6-0022481f92d9}" behavior="0" />
      <RootComponent type="62" schemaName="msdyn_ProjectServiceCore" behavior="0" />
      <RootComponent type="80" schemaName="msdyn_ProjectServiceCore" behavior="0" />
    </RootComponents>
    <MissingDependencies>
      <MissingDependency>
        <Required type="1" schemaName="bookableresource" displayName="Bookable Resource" solution="msdynce_Scheduling (9.0.0.0)">
          <package>msdyn_ProjectServiceCore_Anchor (1.0.60.109)</package>
        </Required>
        <Dependent type="62" schemaName="msdyn_ProjectServiceCore" />
      </MissingDependency>
      <MissingDependency>
        <Required type="1" schemaName="msdyn_project" displayName="Project" solution="msdyn_ProjectServiceCore (1.0.0.87)">
          <package>msdyn_ProjectServiceCore_Anchor (1.0.60.109)</package>
        </Required>
        <Dependent type="1" schemaName="msdyn_project" displayName="Project" />
      </MissingDependency>
      <MissingDependency>
        <Required type="1" schemaName="msdyn_project" displayName="Project" solution="msdyn_ProjectServiceCore (1.0.0.87)">
          <package>msdyn_ProjectServiceCore_Anchor (1.0.60.109)</package>
        </Required>
        <Dependent type="10" schemaName="bb_bb_budgetitem_Project_msdyn_project" displayName="bb_bb_budgetitem_Project_msdyn_project" parentSchemaName="msdyn_project" parentDisplayName="Project" />
      </MissingDependency>
      <MissingDependency>
        <Required type="1" schemaName="msdyn_project" displayName="Project" solution="msdyn_ProjectServiceCore (1.0.0.87)">
          <package>msdyn_ProjectServiceCore_Anchor (1.0.60.109)</package>
        </Required>
        <Dependent type="2" schemaName="bb_project" displayName="Project" parentSchemaName="bb_contract" parentDisplayName="Contract" />
      </MissingDependency>
      <MissingDependency>
        <Required type="1" schemaName="msdyn_project" displayName="Project" solution="msdyn_ProjectServiceCore (1.0.0.87)">
          <package>msdyn_ProjectServiceCore_Anchor (1.0.60.109)</package>
        </Required>
        <Dependent type="62" schemaName="msdyn_ProjectServiceCore" />
      </MissingDependency>
      <MissingDependency>
        <Required type="1" schemaName="msdyn_projectparameter" displayName="Project Parameter" solution="msdyn_ProjectServiceCore (1.0.0.87)">
          <package>msdyn_ProjectServiceCore_Anchor (1.0.60.109)</package>
        </Required>
        <Dependent type="62" schemaName="msdyn_ProjectServiceCore" />
      </MissingDependency>
      <MissingDependency>
        <Required type="1" schemaName="msdyn_projectprogram" displayName="Program" solution="msdyn_ProjectServiceCore_Patch (1.0.60.110)">
          <package>msdyn_ProjectServiceCore_Anchor (1.0.60.109)</package>
        </Required>
        <Dependent type="62" schemaName="msdyn_ProjectServiceCore" />
      </MissingDependency>
      <MissingDependency>
        <Required type="1" schemaName="msdyn_projectrequest" displayName="Project Request" solution="msdyn_ProjectServiceCore_Patch (1.0.60.110)">
          <package>msdyn_ProjectServiceCore_Anchor (1.0.60.109)</package>
        </Required>
        <Dependent type="62" schemaName="msdyn_ProjectServiceCore" />
      </MissingDependency>
      <MissingDependency>
        <Required type="1" schemaName="msdyn_workhourtemplate" displayName="Work template" solution="MicrosoftDynamicsScheduling (4.0.0.40)">
          <package>msdyn_ProjectServiceCore_Anchor (1.0.60.109)</package>
        </Required>
        <Dependent type="62" schemaName="msdyn_ProjectServiceCore" />
      </MissingDependency>
      <MissingDependency>
        <Required type="2" schemaName="msdyn_projectid" displayName="Project" parentSchemaName="msdyn_project" parentDisplayName="Project" solution="msdyn_ProjectServiceCore (1.0.0.87)">
          <package>msdyn_ProjectServiceCore_Anchor (1.0.60.109)</package>
        </Required>
        <Dependent type="10" schemaName="bb_bb_budgetitem_Project_msdyn_project" displayName="bb_bb_budgetitem_Project_msdyn_project" parentSchemaName="msdyn_project" parentDisplayName="Project" />
      </MissingDependency>
      <MissingDependency>
        <Required type="2" schemaName="msdyn_projectid" displayName="Project" parentSchemaName="msdyn_project" parentDisplayName="Project" solution="msdyn_ProjectServiceCore (1.0.0.87)">
          <package>msdyn_ProjectServiceCore_Anchor (1.0.60.109)</package>
        </Required>
        <Dependent type="2" schemaName="bb_project" displayName="Project" parentSchemaName="bb_contract" parentDisplayName="Contract" />
      </MissingDependency>
      <MissingDependency>
        <Required type="2" schemaName="msdyn_subject" displayName="Name" parentSchemaName="msdyn_project" parentDisplayName="Project" solution="msdyn_ProjectServiceCore (1.0.0.87)">
          <package>msdyn_ProjectServiceCore_Anchor (1.0.60.109)</package>
        </Required>
        <Dependent type="10" schemaName="bb_bb_budgetitem_Project_msdyn_project" displayName="bb_bb_budgetitem_Project_msdyn_project" parentSchemaName="msdyn_project" parentDisplayName="Project" />
      </MissingDependency>
      <MissingDependency>
        <Required type="2" schemaName="msdyn_subject" displayName="Name" parentSchemaName="msdyn_project" parentDisplayName="Project" solution="msdyn_ProjectServiceCore (1.0.0.87)">
          <package>msdyn_ProjectServiceCore_Anchor (1.0.60.109)</package>
        </Required>
        <Dependent type="2" schemaName="bb_project" displayName="Project" parentSchemaName="bb_contract" parentDisplayName="Contract" />
      </MissingDependency>
      <MissingDependency>
        <Required type="61" schemaName="msdyn_/fps/ScheduleBoard/css/images/StatusIcons/Committed.svg" displayName="msdyn_/fps/ScheduleBoard/css/images/StatusIcons/Committed.svg" solution="MicrosoftDynamicsScheduling4_CumulativePatch (4.0.86.37)">
          <package>msdyn_ProjectServiceCore_Anchor (1.0.60.109)</package>
        </Required>
        <Dependent type="62" schemaName="msdyn_ProjectServiceCore" />
      </MissingDependency>
      <MissingDependency>
        <Required type="61" schemaName="msdyn_/Icons/AnalysisResult.svg" displayName="msdyn_/Icons/AnalysisResult.svg" solution="msdyn_PowerAppsChecker (1.2.0.198)" />
        <Dependent type="62" schemaName="msdyn_ProjectServiceCore" />
      </MissingDependency>
      <MissingDependency>
        <Required type="61" schemaName="msdyn_/SitemapIcons/SVG/Expense.svg" displayName="msdyn_/SitemapIcons/SVG/Expense.svg" solution="msdyn_ProjectServiceCore (1.0.0.87)">
          <package>msdyn_ProjectServiceCore_Anchor (1.0.60.109)</package>
        </Required>
        <Dependent type="62" schemaName="msdyn_ProjectServiceCore" />
      </MissingDependency>
      <MissingDependency>
        <Required type="61" schemaName="msdyn_/SitemapIcons/SVG/Parameters.svg" displayName="msdyn_/SitemapIcons/SVG/Parameters.svg" solution="msdyn_ProjectServiceCore (1.0.0.87)">
          <package>msdyn_ProjectServiceCore_Anchor (1.0.60.109)</package>
        </Required>
        <Dependent type="62" schemaName="msdyn_ProjectServiceCore" />
      </MissingDependency>
      <MissingDependency>
        <Required type="61" schemaName="msdyn_/SitemapIcons/SVG/Projects.svg" displayName="msdyn_/SitemapIcons/SVG/Projects.svg" solution="msdyn_ProjectServiceCore (1.0.0.87)">
          <package>msdyn_ProjectServiceCore_Anchor (1.0.60.109)</package>
        </Required>
        <Dependent type="62" schemaName="msdyn_ProjectServiceCore" />
      </MissingDependency>
      <MissingDependency>
        <Required type="61" schemaName="msdyn_/SitemapIcons/SVG/Resources.svg" displayName="msdyn_/SitemapIcons/SVG/Resources.svg" solution="msdyn_ProjectServiceCore (1.0.0.87)">
          <package>msdyn_ProjectServiceCore_Anchor (1.0.60.109)</package>
        </Required>
        <Dependent type="62" schemaName="msdyn_ProjectServiceCore" />
      </MissingDependency>
      <MissingDependency>
        <Required type="61" schemaName="proj_Home_Icon" displayName="proj_Home_Icon" solution="Project_for_the_web_Accelerator (1.7.0.5)" />
        <Dependent type="62" schemaName="msdyn_ProjectServiceCore" />
      </MissingDependency>
      <MissingDependency>
        <Required type="61" schemaName="proj_Report_Icon" displayName="proj_Report_Icon" solution="Project_for_the_web_Accelerator (1.7.0.5)" />
        <Dependent type="62" schemaName="msdyn_ProjectServiceCore" />
      </MissingDependency>
      <MissingDependency>
        <Required type="61" schemaName="proj_Reports" displayName="proj_Reports" solution="Project_for_the_web_Accelerator (1.7.0.5)" />
        <Dependent type="62" schemaName="msdyn_ProjectServiceCore" />
      </MissingDependency>
      <MissingDependency>
        <Required type="62" schemaName="msdyn_ProjectServiceCore" solution="msdyn_ProjectServiceCore (1.0.0.87)">
          <package>msdyn_ProjectServiceCore_Anchor (1.0.60.109)</package>
        </Required>
        <Dependent type="62" schemaName="msdyn_ProjectServiceCore" />
      </MissingDependency>
      <MissingDependency>
        <Required type="80" schemaName="msdyn_ProjectServiceCore" displayName="Project" solution="msdyn_ProjectServiceCore (1.0.0.87)">
          <package>msdyn_ProjectServiceCore_Anchor (1.0.60.109)</package>
        </Required>
        <Dependent type="80" schemaName="msdyn_ProjectServiceCore" displayName="Project" />
      </MissingDependency>
    </MissingDependencies>
  </SolutionManifest>
</ImportExportXml>